spend,permits,permit_val,starts,completions,manufactured,new_for_sale,months_supply,emratio,pop_level,gdp,mortgage_rate,fed_fund_rate,disp_income,pm_save,consump_durable,new_sold,hp_idx,rent_vacancy,owner_vacancy,week_earning,delinquent_rate,hor,hp_idx_qtr
240548,420,5536.166,430,423,44,185,7.3,58.3,238704,99.64831503,4.755,0.13,12084.4,807.3,1085.0,307,141.522,9.7,2.6,791.0,10.36,66.4,140.6183333
588435,1630,19065.434,1792,1608,138,439,4.3,62.4,225041,100.4460991,5.6275,2.4,10677.1,263.6,1113.2,1319,163.344,10.0,1.8,693.3333333,1.463333333,68.93333333,165.4365556
628750,1722,24554.78,1724,1639,128,459,4.2,62.8,226153,100.586485,5.695,3.36,10839.0,193.4,1202.2,1389,172.859,9.9,1.9,697.0,1.59,68.8,174.5796667
598551,977,17213.57,989,906,101,325,5.0,61.1,259502,100.7528836,3.624,1.55,15149.7,1524.8,1553.0,685,214.904,6.6,1.1,1000.0,2.35,65.3,215.6463333
369329,622,12039.207,652,629,63,187,4.9,58.9,247258,99.75331839,4.3425,0.06,12648.6,868.9,1231.9,405,163.088,7.766666667,1.933333333,833.0,7.543333333,64.73333333,163.3088889
537571,1174,14542.139,1130,1501,97,539,7.2,63.3,230650,101.239771,6.2175,5.17,11403.7,332.9,1183.5,891,184.516,10.1,2.8,733.0,2.08,68.4,184.421
498640,1539,15790.964,1560,1434,122,376,3.8,62.3,222161,99.58702859,5.7125,0.94,10472.7,425.4,1048.1,1165,141.646,10.4,1.7,676.0,1.65,68.6,143.2986667
543260,1620,23150.419,1675,1546,129,397,4.5,62.5,223422,99.79459188,6.056,1.4,10658.1,453.2,1076.9,1088,151.338,10.1,1.7,681.0,1.56,69.0,152.717
573855,863,19219.115,892,787,98,294,4.8,60.4,257272,100.3984857,4.4675,1.67,14275.9,1110.0,1461.6,642,200.655,6.8,1.5,928.0,3.22,64.3,201.4436667
439616,712,14525.265,735,660,74,220,5.3,59.4,251096,100.3768855,3.905,0.08,13354.9,1002.7,1322.5,518,172.938,7.2,1.9,862.0,5.296666667,63.73333333,173.8745556
350029,1232,15198.444,1218,1193,245,286,3.8,64.3,214305,100.4702837,6.952,5.59,9733.9,411.8,925.1,939,111.108,8.266666667,1.7,622.6666667,2.39,67.63333333,111.6303333
453031,1521,19545.542,1484,1329,129,342,3.5,62.1,221507,99.12898022,6.264,1.0,10487.7,513.3,1059.3,1206,134.968,10.0,1.866666667,663.6666667,1.74,68.46666667,136.2868889
675679,1689,19764.781,1823,1663,163,525,5.3,62.9,227553,101.0496093,6.145,4.09,11096.7,363.2,1167.9,1174,182.32,9.5,2.1,712.0,1.61,68.5,183.3236667
433746,701,16678.109,698,633,68,216,4.9,59.4,250663,100.5187416,3.9825,0.12,13292.7,1017.7,1309.8,480,171.467,7.133333333,1.866666667,855.3333333,5.533333333,63.6,172.2713333
385406,1289,15498.109,1292,1324,171,307,4.1,62.8,216823,99.11163713,7.014,1.78,9973.3,448.6,974.9,923,118.686,8.633333333,1.7,643.6666667,2.186666667,67.66666667,119.774
363860,614,9647.518,594,629,61,185,5.4,58.7,247085,99.72128163,4.3025,0.07,12579.5,855.6,1204.7,420,162.527,8.033333333,1.966666667,835.0,7.656666667,64.76666667,162.9114444
481061,743,16896.429,721,744,80,242,5.3,59.8,253854,99.81966647,3.435,0.4,13578.9,962.8,1351.6,575,181.854,6.833333333,1.8,889.3333333,4.3,63.56666667,182.8074444
559852,873,19036.56,860,818,95,313,6.1,60.6,257843,100.4576958,4.5275,1.91,14440.0,1173.3,1478.2,628,202.926,7.1,1.6,934.0,2.99,64.4,203.6763333
633710,1716,27296.494,1728,1649,124,477,4.5,62.9,226421,100.6260726,5.82,3.3,10856.6,248.7,1139.5,1255,174.443,9.8,1.933333333,699.3333333,1.606666667,68.86666667,176.2327778
589685,850,20810.768,903,927,85,301,4.3,54.7,260204,93.54136656,3.1625,0.05,16272.5,3617.7,1701.5,936,217.657,6.166666667,0.9,1049.333333,2.74,67.56666667,220.8021111
364873,571,10535.678,615,831,82,421,10.5,62.2,233864,101.1532963,6.426,2.11,11574.0,445.0,1100.0,477,163.566,9.9,2.8,763.0,5.28,67.9,161.954
702717,1155,19839.048,1182,913,101,290,4.0,57.4,261085,97.72627528,2.765,0.09,15522.5,2311.5,1803.1,863,233.253,6.6,0.966666667,1032.666667,2.72,65.74833539,236.2232222
312083,609,11392.273,624,604,57,152,3.7,58.5,244995,99.88613202,3.565,0.14,12262.1,729.1,1180.5,444,149.963,8.333333333,1.966666667,827.6666667,9.46,65.0,151.3007778
283870,337,4187.117,358,566,57,340,12.2,60.6,234739,98.46694604,5.0475,0.14,11718.0,676.6,1023.0,336,151.506,10.1,2.7,772.0,8.01,67.3,150.06
244141,489,8468.407,509,500,50,272,7.9,59.3,235870,97.77089779,5.222,0.2,11560.4,593.9,1020.8,411,148.409,11.1,2.6,774.0,9.48,67.6,148.2366667
236512,408,6389.857,438,479,44,199,8.2,58.3,238530,99.75686934,4.225,0.2,11950.4,718.1,1079.2,291,142.531,9.4,2.7,788.0,10.33,66.5,142.2546667
668311,1551,25595.923,1601,1911,135,550,5.9,63.1,227975,101.1707766,6.324,4.52,11195.7,408.1,1151.0,1116,184.364,9.566666667,2.166666667,707.3333333,1.616666667,68.63333333,183.7727778
551118,854,16009.395,880,837,95,326,7.1,60.4,258290,100.4119411,4.6275,1.91,14495.6,1214.1,1475.1,595,204.389,6.766666667,1.533333333,942.0,2.883333333,64.66666667,205.0032222
258567,484,9364.083,504,494,55,143,4.2,58.4,242784,100.2462598,3.91,0.09,12486.5,1062.5,1137.4,354,139.155,8.6,2.1,821.0,10.45,65.5,140.1133333
241586,399,7728.053,429,368,46,179,7.1,58.4,239000,99.55633025,4.836,0.15,12083.3,780.5,1095.0,300,139.982,9.366666667,2.533333333,793.0,10.48666667,66.06666667,140.1565556
551137,1593,20826.62,1660,1539,136,414,3.9,62.3,224192,100.0823026,5.7225,1.86,10707.4,387.9,1098.6,1305,155.75,10.0,1.8,692.0,1.41,69.2,157.5356667
353452,1253,15373.755,1313,1312,287,310,4.3,64.6,211772,101.6563242,8.24,5.78,9370.3,311.8,923.3,900,102.126,7.966666667,1.533333333,605.0,1.97,67.16666667,102.8957778
250768,491,7842.056,487,517,48,263,7.5,59.1,236087,97.87756889,5.1925,0.18,11538.6,485.5,1089.1,418,148.277,10.96666667,2.633333333,776.0,9.786666667,67.46666667,148.148
252896,435,7685.273,457,518,56,215,9.3,58.6,237499,99.29412344,4.8875,0.2,11887.9,762.1,1041.7,280,146.394,10.5,2.5,776.0,10.94,66.9,145.4398889
254826,504,5932.835,510,448,51,231,8.1,58.5,236832,98.66052224,5.03,0.05,11644.6,653.0,1006.1,345,147.395,10.6,2.6,787.0,11.48,67.1,146.295
570932,870,15534.35,883,854,104,294,6.2,60.1,256780,100.2545214,4.0325,1.33,14173.9,1081.7,1448.6,590,198.294,7.0,1.5,922.0,3.48,64.2,199.1523333
573878,1218,17880.864,1384,1675,102,561,6.7,63.1,229420,101.091674,6.4025,5.25,11252.3,327.3,1166.9,1016,182.798,9.833333333,2.633333333,726.0,1.86,68.93333333,183.3723333
273587,519,10255.567,517,474,54,142,4.3,58.5,243354,100.1174495,3.55,0.09,12396.5,967.8,1134.7,369,141.669,8.6,1.9,803.0,10.47,65.5,142.2863333
595620,673,15597.214,685,865,73,321,6.6,51.3,259896,93.15249848,3.306,0.06,17246.2,6428.1,1200.9,569,216.809,5.7,0.9,1046.0,2.54,67.9,217.1603333
329304,469,7840.813,542,749,69,384,11.6,61.7,234612,99.83484789,6.2,1.15,11616.7,576.0,1026.6,393,158.326,10.1,2.9,764.0,6.58,67.5,156.0283333
368809,1192,12625.708,1243,1262,203,310,4.4,63.5,215665,99.3756765,6.8175,3.66,9896.5,551.5,904.1,853,114.811,8.666666667,1.833333333,640.0,2.233333333,68.03333333,115.3014444
448021,711,14155.573,745,657,72,227,6.5,59.2,251325,100.2929576,3.89,0.14,13392.0,1024.8,1316.6,456,173.83,7.1,1.9,867.0,5.203333333,63.76666667,174.7834444
368359,621,9705.136,567,597,58,188,5.7,58.8,246915,99.74621797,4.432,0.07,12513.3,856.8,1173.9,443,161.927,8.3,2.0,837.0,7.77,64.8,162.514
531641,1136,14309.248,1189,1318,97,540,7.9,63.3,230834,101.286349,6.285,5.29,11439.6,372.9,1175.1,828,184.598,9.9,2.733333333,733.6666667,2.15,68.33333333,183.4877778
465709,855,12705.234,935,1085,93,527,9.2,62.9,232461,101.8101479,6.3825,4.96,11527.1,333.6,1202.6,686,177.558,9.666666667,2.766666667,742.3333333,2.97,67.93333333,176.3346667
348133,1156,15316.961,1202,1190,262,308,4.8,64.5,212466,101.7643166,8.288,6.65,9483.3,355.3,898.2,793,104.424,8.133333333,1.566666667,609.3333333,2.053333333,67.53333333,105.0823333
458676,1533,19497.695,1555,1413,128,350,3.8,62.0,221779,99.29106034,6.1475,1.01,10369.1,439.1,1041.1,1131,136.294,10.1,1.833333333,665.3333333,1.75,68.53333333,137.5607778
237468,418,6055.982,452,432,44,195,8.2,58.2,238715,99.74665083,4.3,0.2,11960.5,703.7,1077.5,287,142.172,9.5,2.666666667,789.0,10.34,66.46666667,141.7092222
286120,557,9429.282,594,512,53,146,4.8,58.7,243772,99.97728779,3.4975,0.13,12453.3,1009.3,1151.9,385,142.909,8.666666667,1.9,816.3333333,10.17,65.43333333,143.8045556
448256,724,14246.068,709,646,74,228,5.8,59.3,251541,100.2108568,3.796,0.13,13419.8,1042.7,1308.8,482,174.793,7.0,1.9,872.0,5.11,63.8,175.6923333
527794,1615,25019.529,1526,1521,129,385,3.9,62.4,223196,99.72431905,6.2875,1.02,10631.8,504.3,1043.6,1180,149.85,10.13333333,1.7,682.0,1.573333333,69.06666667,151.2143333
245449,411,8032.763,414,443,49,168,6.6,58.3,239313,99.5168165,4.6375,0.09,12043.2,772.8,1081.2,305,139.905,9.4,2.466666667,795.3333333,10.53666667,66.03333333,139.6956667
678562,1643,20158.568,1804,1742,146,533,6.1,63.0,227763,101.1297157,6.2525,4.47,11151.4,388.5,1143.5,1061,183.287,9.533333333,2.133333333,709.6666667,1.613333333,68.56666667,183.5482222
576594,886,15179.495,906,893,102,295,5.4,60.4,256934,100.3100502,4.33,1.42,14198.4,1104.2,1456.4,618,199.211,6.933333333,1.5,924.0,3.393333333,64.23333333,199.9161111
360754,613,9373.933,647,560,61,186,6.0,58.7,246745,99.80715516,4.4575,0.07,12452.7,763.4,1190.4,433,160.993,8.266666667,2.033333333,836.3333333,7.946666667,64.93333333,161.7103333
370957,1185,14133.397,1240,1334,202,314,4.3,63.2,215903,99.2558281,6.6175,3.02,9722.4,237.9,1035.1,871,115.309,8.8,1.8,642.0,2.26,68.0,115.874
348279,1251,11750.246,1275,1122,221,298,3.8,64.4,213888,100.8313401,7.0325,5.41,9697.4,379.4,916.5,936,109.846,8.2,1.5,620.0,2.35,67.5,110.4843333
376279,1251,10981.142,1285,1351,199,310,3.8,62.9,216315,99.13630439,7.065,2.06,9750.3,298.0,955.6,979,116.456,9.0,1.733333333,644.0,2.246666667,67.86666667,117.2188889
368809,1192,12625.708,1243,1262,226,310,4.4,63.5,215665,99.3756765,6.8175,3.66,9896.5,551.5,904.1,853,114.811,8.666666667,1.833333333,640.0,2.233333333,68.03333333,115.3014444
404632,1307,17360.68,1323,1275,169,333,4.2,62.7,217630,98.9112766,6.485,1.83,10053.5,441.7,1001.6,956,122.887,9.0,1.7,646.0,2.1,68.0,123.832
662353,1121,23179.135,1105,933,96,286,2.5,56.6,260742,97.43329199,2.89,0.09,15799.7,2569.3,1817.8,988,225.937,6.466666667,0.966666667,1036.333333,2.773333333,66.34833539,229.6685556
402138,708,9127.794,773,1004,95,488,9.3,62.9,232616,101.8111923,5.758,3.06,11553.4,348.5,1168.4,627,173.132,10.1,2.9,757.0,3.68,67.8,171.575
252283,478,8945.187,472,434,57,144,4.3,58.5,242604,100.2334751,3.954,0.11,12431.1,1014.5,1138.0,354,137.905,8.666666667,2.133333333,819.0,10.41,65.46666667,139.0806667
365905,1252,16222.822,1295,1283,245,302,4.2,63.7,214950,99.9236146,7.16,4.14,9679.4,343.5,934.1,882,112.796,8.366666667,1.866666667,632.0,2.256666667,67.96666667,113.5053333
250518,425,8307.516,445,684,55,213,8.3,58.5,237690,99.44039261,4.7375,0.2,11895.0,742.0,1044.1,305,145.72,10.4,2.5,778.0,10.8,66.9,144.7071111
561444,1175,17766.598,1212,1559,98,558,7.3,63.3,229675,101.1225549,6.3575,5.34,11306.0,327.7,1168.3,941,183.198,9.8,2.7,726.0,1.92,68.9,183.6483333
375347,622,13622.317,646,598,63,188,4.9,58.9,247439,99.83786276,4.3375,0.08,12699.0,901.5,1230.3,403,163.395,7.5,1.9,831.0,7.43,64.7,163.7063333
237188,431,7144.958,408,492,48,290,9.3,59.6,235452,97.71023226,4.8575,0.22,11826.7,868.3,998.9,376,147.695,10.76666667,2.533333333,771.3333333,8.873333333,67.46666667,148.0195556
420510,1391,19579.625,1374,1350,131,339,4.1,62.4,220540,98.45763575,5.8125,1.29,10181.4,426.5,1003.9,1012,130.884,9.6,1.7,659.0,1.83,68.0,131.7556667
381911,633,11691.127,679,879,87,451,10.7,62.5,233405,101.5950994,6.036,2.16,12060.9,826.4,1143.7,504,166.659,9.966666667,2.8,761.0,4.666666667,68.03333333,165.0988889
372572,643,13952.499,656,630,66,206,6.0,59.0,248023,100.2185417,4.13,0.1,12835.1,953.6,1248.4,402,164.576,7.4,1.8,839.0,7.06,64.4,165.233
545011,1198,13987.943,1249,1509,97,537,6.5,63.4,230108,101.199867,6.135,5.27,11406.8,355.6,1175.5,998,184.138,10.0,2.766666667,730.6666667,2.026666667,68.56666667,184.1634444
476926,718,14966.636,775,744,75,236,4.4,59.8,253620,99.83670825,3.44,0.41,13567.1,958.1,1354.5,628,180.829,6.8,1.8,886.0,4.38,63.5,181.8366667
583199,753,16376.47,733,836,80,312,5.3,52.7,260047,91.63377703,3.2325,0.05,16423.4,4510.6,1557.2,696,217.015,5.933333333,0.9,1047.666667,2.64,67.73333333,218.9812222
603707,1644,26087.399,1714,1750,127,448,4.2,62.8,225670,100.5354101,5.72,2.97,10799.8,302.0,1116.4,1286,169.35,9.833333333,1.833333333,691.0,1.563333333,68.66666667,171.0912222
303792,590,8971.398,604,556,58,148,4.6,58.6,244663,99.88279518,3.414,0.09,12258.9,725.4,1192.6,446,146.827,8.6,2.1,827.0,9.74,65.0,148.191
401920,1314,16779.971,1368,1281,171,328,4.2,62.7,217407,98.99469652,6.65,1.79,10078.5,507.4,968.0,957,121.812,8.8,1.7,645.0,2.12,67.86666667,122.7931111
522630,786,18597.924,862,924,93,330,5.2,60.6,258693,100.3689448,4.1425,2.41,14811.8,1443.7,1481.9,695,207.51,6.8,1.3,960.0,2.6,64.1,208.1146667
294197,570,10656.201,611,525,53,149,5.2,58.8,243983,99.92248644,3.3825,0.15,12538.2,1096.1,1141.2,358,143.602,8.7,1.9,823.0,10.02,65.4,144.5636667
369000,1241,15803.327,1286,1281,234,310,4.4,63.2,215420,99.53415665,6.95,3.79,9982.1,529.7,942.5,866,114.167,8.533333333,1.866666667,638.0,2.206666667,68.06666667,114.7288889
609849,993,22757.801,995,950,97,291,3.6,55.2,260373,95.4300026,3.016,0.08,16372.2,3487.9,1780.1,1019,219.448,6.4,0.9,1051.0,2.84,67.4,222.623
249770,416,7372.238,432,488,48,165,6.7,58.2,239671,99.51796417,4.545,0.08,12128.6,819.5,1085.7,296,139.73,9.8,2.4,798.0,10.51,66.3,139.2356667
353065,1277,9982.312,1268,1262,304,310,4.3,64.6,211410,101.5179979,8.21,3.99,9309.1,358.9,908.6,873,100.551,7.9,1.6,603.0,1.95,67.1,101.3386667
512328,830,13445.147,822,771,94,257,6.5,59.7,254742,99.7177441,4.198,0.41,13685.3,938.5,1377.0,561,185.726,6.966666667,1.733333333,904.0,3.98,63.63333333,186.4954444
514131,1042,19601.841,1130,1278,97,544,7.8,63.0,231480,101.4963949,6.262,5.26,11495.5,381.6,1197.7,842,181.6,9.6,2.633333333,738.3333333,2.43,68.2,180.5015556
410055,635,10539.305,586,605,65,201,4.4,59.2,249899,100.5883073,3.71,0.06,13271.8,1103.4,1276.7,540,169.132,7.0,1.866666667,854.6666667,6.1,63.6,169.7535556
536314,779,19059.86,793,791,89,269,4.7,60.1,254767,99.66072787,4.01,0.91,13957.3,1157.0,1371.6,635,189.622,7.366666667,1.533333333,909.0,3.666666667,63.76666667,190.625
527865,1147,18519.259,1202,1312,98,542,7.9,63.3,231034,101.3448757,6.156,5.31,11475.0,402.2,1178.5,833,184.149,9.7,2.666666667,734.3333333,2.22,68.26666667,182.5545556
377631,1285,12240.622,1318,1324,194,313,4.2,62.7,216506,99.12143999,6.9975,1.52,9951.9,451.1,970.7,880,117.143,9.1,1.7,645.0,2.24,67.8,117.8913333
500439,1564,16635.291,1481,1447,123,366,3.7,62.3,222357,99.59996231,5.635,1.03,10491.3,426.3,1065.2,1159,143.191,10.33333333,1.7,678.6666667,1.633333333,68.8,144.9354444
339977,618,11443.071,577,577,62,185,5.9,58.7,246168,99.94121212,4.49,0.07,12431.5,819.0,1188.3,403,158.227,8.233333333,2.033333333,830.0,8.42,65.23333333,159.046
250152,425,7483.411,418,426,56,163,6.3,58.4,240071,99.63834294,4.106,0.08,12104.0,782.7,1101.3,304,138.669,9.533333333,2.333333333,802.6666667,10.34333333,66.1,137.9187778
344139,1180,10212.613,1226,1227,176,301,3.6,64.4,213736,101.0221804,7.382,6.6,9647.6,337.9,913.5,983,109.14,8.066666667,1.533333333,618.0,2.306666667,67.5,109.7476667
684180,1141,23846.574,1162,898,100,284,3.5,57.4,260925,97.57237355,2.834,0.09,15729.1,2462.2,1826.1,1027,229.888,6.5,1.0,1029.0,2.74,65.82250308,233.1913333
496403,779,14978.213,871,762,84,250,5.5,59.7,254321,99.77708607,3.47,0.29,13627.7,987.9,1362.6,575,183.756,6.9,1.8,896.0,4.14,63.7,184.749
369000,1241,15803.327,1286,1281,199,310,4.4,63.2,215420,99.53415665,6.95,3.79,9982.1,529.7,942.5,866,114.167,8.533333333,1.866666667,638.0,2.206666667,68.06666667,114.7288889
299101,589,8040.498,615,525,56,148,5.3,58.7,244350,99.87918721,3.345,0.16,13011.6,1523.4,1180.1,399,145.503,8.633333333,2.033333333,825.6666667,9.833333333,65.13333333,146.9818889
349907,1182,15639.629,1230,1334,265,302,4.4,64.4,212242,101.7719677,8.515,6.17,9457.3,351.1,907.0,857,103.677,8.066666667,1.533333333,607.6666667,2.016666667,67.36666667,104.3783333
254645,361,5977.198,353,545,50,311,11.0,59.9,235086,97.92108415,5.0025,0.22,11593.4,639.4,984.2,339,148.66,10.43333333,2.566666667,770.6666667,8.383333333,67.36666667,148.6273333
375803,1229,12102.24,1244,1242,254,313,4.1,63.0,216117,99.17714191,6.658,2.61,9733.4,274.8,997.0,924,115.857,8.9,1.766666667,643.0,2.253333333,67.93333333,116.5464444
517696,816,17028.186,833,961,91,331,4.8,60.6,258537,100.3236898,4.265,2.4,14843.9,1476.6,1486.7,705,207.017,6.866666667,1.333333333,958.0,2.63,64.13333333,207.6657778
405105,667,10304.277,707,656,65,206,5.2,59.3,249723,100.5650371,3.67,0.06,13224.7,1078.7,1273.3,515,168.634,7.1,1.9,856.0,6.24,63.7,169.189
244354,411,7368.485,426,470,51,210,8.9,58.5,237890,99.5666976,4.564,0.17,11910.8,731.3,1047.5,283,144.99,10.3,2.5,780.0,10.66,66.9,143.9743333
506879,1648,23804.718,1632,1491,133,375,3.6,62.2,222550,99.61299548,5.445,1.04,10533.6,418.7,1079.4,1276,145.059,10.26666667,1.7,681.3333333,1.616666667,69.0,146.5722222
254574,476,8591.019,566,556,54,216,6.2,58.7,237329,99.13569913,5.098,0.17,11799.8,702.0,1046.0,422,146.404,10.6,2.5,774.0,11.08,66.9,146.1726667
254135,477,7776.282,510,481,48,254,7.8,58.7,236322,98.02041511,5.0575,0.15,11573.1,607.4,995.4,386,148.024,10.83333333,2.666666667,778.0,10.09333333,67.33333333,148.0593333
528461,810,19811.438,814,885,93,334,5.9,60.6,258861,100.4278897,4.072,2.45,14814.7,1403.9,1501.5,602,208.157,6.8,1.333333333,965.0,2.546666667,64.33333333,208.7913333
456468,733,10899.925,765,668,78,235,6.1,59.7,252397,100.0314144,3.8725,0.2,13531.6,1070.4,1320.2,505,177.272,7.0,1.7,878.0,4.78,63.5,177.6973333
550392,1572,18845.254,1458,1464,135,423,4.3,62.5,224422,100.1890898,5.73,1.83,10677.3,345.5,1099.9,1179,157.527,10.03333333,1.8,693.3333333,1.413333333,69.16666667,159.5175556
538409,850,17208.938,884,801,98,289,5.9,60.1,255766,100.0257953,3.895,1.06,14049.5,1106.2,1428.3,626,194.82,6.9,1.6,902.0,3.57,64.2,195.9846667
522534,1675,23402.266,1652,1505,129,379,3.8,62.3,222967,99.67095061,6.27,1.03,10623.3,454.8,1091.5,1241,148.185,10.16666667,1.7,683.0,1.586666667,69.13333333,149.7116667
394820,1366,15593.847,1446,1331,162,332,3.9,63.0,218107,98.69249608,6.0925,1.81,10068.3,482.0,983.9,1044,124.779,9.2,1.7,649.3333333,2.033333333,68.2,125.7275556
335690,631,12981.958,631,571,61,177,5.7,58.7,245959,99.93734169,4.456,0.08,12379.6,802.3,1187.7,381,156.965,8.266666667,1.966666667,825.0,8.54,65.26666667,157.989
251869,464,6208.492,518,392,59,148,6.3,58.4,242269,100.1062922,3.915,0.04,12311.1,953.0,1130.4,335,136.608,8.8,2.2,815.0,10.33,65.4,137.0153333
394223,1289,18044.588,1402,1359,173,327,4.0,62.9,217198,99.05541668,6.806,1.88,10047.9,504.4,962.7,978,120.724,8.6,1.7,644.0,2.14,67.73333333,121.7542222
243958,391,6901.647,387,532,48,300,10.7,59.8,235271,97.77735054,4.81,0.16,11660.2,718.7,978.8,337,147.948,10.6,2.5,770.0,8.57,67.4,147.911
252821,439,7107.131,439,438,63,159,6.1,58.4,240269,99.74955754,4.0675,0.06,12117.0,774.3,1114.4,316,137.953,9.4,2.3,805.0,10.26,66.0,137.2603333
365905,1252,16222.822,1295,1283,200,302,4.2,63.7,214950,99.9236146,7.16,4.14,9679.4,343.5,934.1,882,112.796,8.366666667,1.866666667,632.0,2.256666667,67.96666667,113.5053333
617132,884,19155.129,880,907,97,330,6.5,59.8,259758,96.11864191,3.45,1.58,15008.5,2297.6,1371.5,609,216.314,6.0,0.966666667,1030.666667,2.476666667,67.03333333,216.6556667
439819,698,15637.982,756,637,74,219,5.1,59.3,250876,100.4542695,4.046,0.13,13324.1,1002.3,1316.5,506,172.129,7.3,1.9,857.0,5.39,63.7,172.9656667
658590,1742,23992.581,1740,1618,194,492,4.5,62.8,226959,100.7495084,6.065,3.93,10870.2,274.5,1099.6,1336,178.027,9.6,2.0,704.0,1.64,69.0,179.539
398990,1285,17667.504,1277,1258,176,320,4.3,62.7,217006,99.09310619,6.985,1.88,10007.2,440.7,1001.5,936,119.61,8.4,1.7,643.0,2.16,67.6,120.7153333
544359,823,16138.128,836,780,92,285,5.7,60.4,255562,99.93331797,3.805,1.16,14021.4,1092.2,1417.6,637,193.774,7.1,1.6,904.3333333,3.593333333,64.1,194.8678889
411758,1409,13662.534,1439,1349,144,344,4.0,62.4,218741,98.38805229,6.0475,1.23,10148.6,449.6,1009.9,1048,127.623,9.366666667,1.7,656.3333333,1.98,68.1,128.4388889
548971,1163,15300.49,1290,1525,97,548,6.6,63.3,229905,101.1611869,6.24,5.23,11353.1,364.1,1164.4,1003,183.609,9.9,2.733333333,728.3333333,1.973333333,68.73333333,183.9058889
462448,737,12684.656,839,744,77,236,5.3,59.8,252577,99.98921273,3.66,0.38,13546.1,1005.9,1342.7,517,177.652,6.9,1.7,878.6666667,4.716666667,63.3,178.2735556
269664,500,10314.448,524,482,54,145,4.2,58.6,243155,100.1814301,3.675,0.16,12482.6,1074.9,1129.9,360,141.03,8.6,1.966666667,809.0,10.46333333,65.5,141.562
398875,1317,16967.476,1247,1339,166,333,4.0,62.7,217866,98.80839192,6.29,1.79,10056.6,435.9,1019.7,1014,123.83,9.1,1.7,647.6666667,2.066666667,68.1,124.7797778
240062,379,5417.836,391,481,44,181,8.0,58.4,238851,99.59461086,4.9525,0.18,12117.0,846.5,1083.8,270,140.351,9.533333333,2.566666667,792.0,10.42333333,66.23333333,140.3874444
372569,648,14464.557,603,581,63,197,5.2,59.0,247814,100.0910955,4.1625,0.08,12797.2,940.0,1249.4,418,164.062,7.433333333,1.833333333,836.3333333,7.183333333,64.5,164.7241111
356188,1192,14128.141,1275,1307,271,299,4.4,64.7,212018,101.7290597,8.1525,6.17,9418.3,347.8,900.6,841,102.922,8.0,1.5,606.0,1.98,67.2,103.6743333
447819,821,13593.037,878,1138,94,518,8.5,62.7,232715,101.8505701,6.375,4.92,11523.6,323.6,1209.0,727,176.624,9.6,2.8,741.0,3.1,67.8,175.371
430929,1461,20197.518,1513,1354,131,342,3.5,62.3,221014,98.75689224,5.23,1.28,10291.2,449.2,1013.9,1193,132.649,9.8,1.833333333,661.0,1.763333333,68.26666667,133.9272222
255121,510,6537.698,526,456,53,229,8.3,58.5,236998,98.81444641,4.99,0.14,11655.6,625.6,1005.2,336,145.631,10.6,2.566666667,782.6666667,11.34666667,67.03333333,146.2542222
540442,823,18387.526,864,883,94,326,5.0,60.7,259037,100.4952003,3.8025,2.4,14841.3,1384.1,1510.9,763,208.677,6.8,1.366666667,970.0,2.493333333,64.56666667,209.468
468910,735,16723.349,737,716,79,238,4.5,59.7,253174,99.87963408,3.6,0.3,13515.1,976.1,1330.7,571,179.431,6.733333333,1.733333333,882.0,4.52,63.1,180.2295556
580112,935,15792.463,933,915,100,322,5.6,61.0,260020,100.7306934,3.695,1.57,15084.2,1490.6,1547.8,710,212.819,6.466666667,1.3,989.3333333,2.343333333,65.16666667,213.793
417500,1357,13534.72,1301,1342,138,339,4.5,62.5,220114,98.33299336,5.8425,1.33,10097.6,439.1,956.4,936,129.355,9.466666667,1.7,659.0,1.923333333,68.0,130.1323333
279216,516,10812.527,536,492,54,145,4.7,58.4,243566,100.0457865,3.602,0.14,12364.4,935.0,1138.4,375,142.281,8.633333333,1.9,809.6666667,10.32,65.46666667,143.0454444
647374,1798,26248.087,1789,1631,136,491,4.7,62.8,226693,100.6789374,5.774,3.57,10815.7,252.2,1113.8,1244,176.437,9.7,1.966666667,701.6666667,1.623333333,68.93333333,177.8858889
376279,1251,10981.142,1285,1351,253,310,3.8,62.9,216315,99.13630439,7.065,2.06,9750.3,298.0,955.6,979,116.456,9.0,1.733333333,644.0,2.246666667,67.86666667,117.2188889
536675,811,19847.917,855,811,90,274,4.9,60.1,254957,99.70215912,3.904,0.91,13959.9,1113.2,1385.3,619,190.512,7.433333333,1.566666667,909.0,3.653333333,63.83333333,191.6296667
337583,1173,14906.659,1231,1231,249,303,4.4,64.2,212916,101.6175321,8.0275,6.51,9591.5,389.9,906.4,848,105.768,8.066666667,1.6,612.0,2.133333333,67.63333333,106.6156667
316537,623,13003.774,587,524,60,159,3.7,58.6,245175,99.88208254,3.445,0.16,12299.0,765.3,1182.3,441,151.519,8.2,1.9,828.0,9.32,65.0,152.8556667
562039,865,15039.067,951,794,100,292,5.8,60.1,255949,100.1129938,3.922,1.16,14060.5,1040.5,1447.8,711,195.964,6.933333333,1.566666667,908.6666667,3.54,64.2,197.0405556
390471,642,10332.075,728,904,93,465,10.5,62.7,232995,101.7427774,5.97,3.01,11545.3,367.3,1143.7,535,170.053,10.03333333,2.833333333,759.0,4.133333333,68.0,168.3058889
584460,1282,21746.27,1364,1614,108,570,6.7,63.1,229167,101.0787336,6.524,5.27,11189.6,336.7,1146.0,1035,182.596,9.866666667,2.566666667,726.0,1.8,68.96666667,183.0963333
670522,1661,19645.555,1628,1662,183,515,4.9,62.8,227425,100.9459499,6.272,4.03,10976.2,300.1,1128.2,1239,180.91,9.533333333,2.066666667,709.3333333,1.62,68.66666667,182.0621111
517390,821,14255.89,966,922,88,349,7.1,60.6,258239,100.2877214,4.464,2.4,14791.2,1495.0,1463.9,591,206.495,7.0,1.4,954.0,2.69,64.2,206.768
552575,829,19259.858,871,904,95,327,5.9,60.8,259225,100.562788,3.765,2.39,14871.8,1368.1,1523.2,669,209.319,6.8,1.4,975.0,2.44,64.8,210.1446667
615053,1393,24808.987,1451,1742,116,570,6.3,63.1,228671,101.1185107,6.682,5.02,11198.2,372.3,1149.5,1074,183.507,9.8,2.4,719.0,1.7,68.9,183.2126667
339048,1189,12854.399,1195,1175,231,301,4.0,64.2,213163,101.5017699,7.912,6.52,9601.5,340.8,931.3,912,106.538,7.933333333,1.6,613.0,2.176666667,67.56666667,107.445
348279,1251,11750.246,1275,1122,167,298,3.8,64.4,213888,100.8313401,7.0325,5.41,9697.4,379.4,916.5,936,109.846,8.2,1.5,620.0,2.35,67.5,110.4843333
503356,1549,16960.106,1647,1434,126,377,4.0,62.2,222509,99.56132659,5.876,1.03,10479.0,454.4,1051.5,1129,140.179,10.33333333,1.733333333,673.0,1.686666667,68.6,141.8106667
577087,843,20593.37,937,876,97,299,4.8,60.5,257454,100.4308899,4.586,1.7,14320.7,1115.8,1475.3,662,201.433,6.9,1.533333333,930.0,3.143333333,64.33333333,202.1878889
255801,508,6537.718,484,493,51,232,8.0,58.3,236924,98.50700063,4.93,0.13,11630.0,621.2,1021.6,352,147.929,10.63333333,2.633333333,784.6666667,11.12,67.13333333,146.8535556
350029,1232,15198.444,1218,1193,182,286,3.8,64.3,214305,100.4702837,6.952,5.59,9733.9,411.8,925.1,939,111.108,8.266666667,1.7,622.6666667,2.39,67.63333333,111.6303333
296510,571,8899.257,569,513,54,150,5.4,58.7,244174,99.88922312,3.352,0.17,12702.9,1214.4,1169.4,392,144.586,8.666666667,1.966666667,824.3333333,9.926666667,65.26666667,145.7727778
575650,1654,17498.528,1739,1589,149,441,4.4,62.4,224837,100.3788171,5.71,1.97,10670.3,296.2,1096.4,1203,161.288,10.1,1.8,696.0,1.42,69.1,163.4813333
536547,847,18166.321,865,826,92,335,7.8,60.5,258514,100.3693385,4.83,2.18,14542.2,1207.8,1481.4,554,205.159,6.6,1.5,946.0,2.83,64.8,205.6666667
253924,536,9472.764,542,491,54,227,7.1,58.5,237159,98.97360354,4.9675,0.14,11702.1,624.2,1052.0,381,145.859,10.6,2.533333333,778.3333333,11.21333333,66.96666667,146.2134444
565020,881,13892.326,854,850,104,294,6.6,60.1,256109,100.1893998,3.95,1.16,14081.0,948.5,1464.6,630,197.17,6.966666667,1.533333333,915.3333333,3.51,64.2,198.0964444
563783,900,17639.251,906,852,99,322,5.7,61.0,259638,100.6695167,3.605,2.13,15000.7,1465.5,1538.3,715,210.97,6.533333333,1.4,981.0,2.373333333,65.0,211.9591111
512400,1617,24287.569,1646,1645,129,382,4.0,62.3,222757,99.63480646,5.83,1.03,10569.6,452.4,1062.8,1186,146.592,10.2,1.7,684.0,1.6,69.2,148.209
448917,1478,20343.839,1535,1424,137,342,3.6,62.1,221252,98.94437555,5.6325,1.11,10415.5,521.3,1024.9,1168,133.777,9.9,1.9,662.0,1.73,68.4,135.013
416486,742,8674.983,805,1031,92,496,9.6,62.7,233156,101.8442742,6.095,4.66,11552.1,342.1,1180.0,619,174.342,9.933333333,2.866666667,751.6666667,3.486666667,67.8,172.8403333
413303,1359,17078.276,1399,1305,128,330,4.1,62.4,220317,98.37175676,5.745,1.33,10121.5,415.9,984.6,999,130.147,9.533333333,1.7,659.0,1.876666667,68.0,130.944
541970,812,16710.279,843,844,83,275,5.8,60.2,255151,99.76448295,3.9675,1.06,13995.9,1130.9,1394.3,572,191.454,7.5,1.6,909.0,3.64,63.9,192.6343333
328388,615,13230.294,593,578,58,172,5.2,58.7,245756,99.91894915,4.37,0.1,12350.6,786.5,1190.8,375,155.604,8.3,1.9,820.0,8.66,65.3,156.932
542139,800,18434.621,874,739,91,284,6.4,60.1,255357,99.84350176,3.88,1.16,14003.4,1134.0,1386.0,556,192.675,7.3,1.6,906.6666667,3.616666667,64.0,193.7511111
386299,651,13437.749,699,618,66,213,5.6,59.3,248657,100.4572644,4.036,0.09,12995.3,946.7,1263.7,476,166.643,7.0,1.9,847.0,6.5,64.0,167.344
353629,1242,11536.124,1280,1198,245,291,3.7,64.3,214110,100.6450426,7.05,5.57,9708.8,385.8,938.9,963,110.499,8.233333333,1.6,621.3333333,2.37,67.56666667,111.0573333
468416,743,16197.868,770,714,79,239,4.3,59.7,252969,99.91148582,3.605,0.37,13522.0,1005.1,1329.1,576,178.768,6.7,1.7,880.0,4.59,62.9,179.426
538953,848,15010.148,804,778,90,341,7.7,60.6,258708,100.3282057,4.866,2.2,14588.7,1199.9,1503.6,625,205.692,6.733333333,1.466666667,948.6666667,2.783333333,64.6,206.0337778
533062,794,16951.497,826,774,89,262,4.6,60.2,254588,99.64200332,4.045,0.82,13864.5,1071.8,1373.9,598,188.727,7.3,1.5,909.0,3.68,63.7,189.6203333
309078,612,9286.929,651,578,59,150,4.2,58.6,244828,99.8876948,3.5325,0.14,12224.9,698.3,1193.2,447,147.783,8.466666667,2.033333333,827.3333333,9.6,65.0,149.7458889
485245,1513,15146.646,1694,1439,125,367,4.1,62.3,222279,99.50900601,5.9325,1.03,10470.9,459.3,1053.5,1093,138.793,10.26666667,1.766666667,670.0,1.723333333,68.6,140.3226667
526970,826,18266.674,825,803,89,263,4.3,60.2,254414,99.64320248,4.196,0.66,13840.4,1047.1,1364.3,632,187.992,7.2,1.566666667,908.6666667,3.753333333,63.66666667,188.8697778
417788,1416,14285.504,1537,1317,141,347,4.0,62.5,219897,98.34027667,5.916,1.16,10133.6,442.9,982.6,999,128.46,9.4,1.7,659.0,1.97,68.0,129.3206667
633815,1450,25448.724,1570,1609,122,563,6.2,63.1,228428,101.1521419,6.5975,4.84,11182.7,362.4,1147.2,1086,184.156,9.7,2.3,712.0,1.66,68.8,183.605
360534,1240,16953.682,1285,1224,191,293,4.0,63.8,214732,100.1190918,7.145,4.61,9680.9,347.4,916.0,885,112.163,8.333333333,1.833333333,628.0,2.333333333,67.83333333,112.8543333
469855,1566,20890.421,1631,1479,126,368,3.8,62.1,222039,99.4193934,5.952,1.11,10408.4,453.3,1036.2,1144,137.532,10.2,1.8,667.0,1.76,68.6,138.8346667
452947,734,12102.756,769,710,76,235,6.2,59.6,251936,100.0793768,3.964,0.13,13482.0,1027.6,1323.7,546,176.545,7.0,1.766666667,876.0,4.89,63.6,177.029
263797,499,10625.079,518,475,54,144,4.2,58.5,242966,100.2273043,3.798,0.16,12490.2,1066.9,1133.4,370,140.155,8.6,2.033333333,815.0,10.45666667,65.5,140.8376667
641103,1055,21995.756,1023,895,94,286,3.5,56.5,260558,97.29731941,2.935,0.1,15739.2,2714.5,1791.7,1029,222.484,6.433333333,0.933333333,1043.666667,2.806666667,66.87416769,226.1457778
372893,644,12716.36,644,607,66,209,5.8,59.0,248229,100.3248405,4.115,0.09,12896.3,931.6,1258.6,456,165.216,7.266666667,1.833333333,841.6666667,6.873333333,64.26666667,165.9366667
401584,680,11129.015,720,660,67,212,6.1,59.3,249027,100.533874,3.864,0.13,13150.5,1038.9,1272.7,497,168.052,7.066666667,1.9,853.0,6.326666667,63.8,168.574
254942,472,7270.502,476,526,49,243,7.4,58.5,236550,98.18254266,4.952,0.11,11538.1,566.9,1003.6,396,147.849,10.7,2.7,780.0,10.4,67.2,147.9706667
385745,1401,13129.482,1501,1370,186,309,4.0,63.0,216663,99.11781132,6.8925,1.77,9966.6,437.5,983.2,948,117.845,8.866666667,1.7,644.3333333,2.213333333,67.73333333,118.8326667
247503,493,7207.096,466,421,58,146,4.9,58.5,242435,100.1865883,3.89,0.11,12384.8,959.1,1145.9,366,136.533,8.733333333,2.166666667,817.0,10.37,65.43333333,138.048
550497,827,19463.956,889,939,97,322,6.8,60.3,258066,100.4442453,4.55,1.91,14495.0,1192.6,1483.4,593,203.714,6.933333333,1.566666667,938.0,2.936666667,64.53333333,204.3397778
609465,994,17544.116,1034,1010,104,327,5.5,61.1,259628,100.7359395,3.465,1.59,15232.8,1581.2,1561.6,699,215.721,6.3,1.033333333,1015.333333,2.413333333,66.16666667,216.151
351933,1241,11363.143,1255,1326,291,305,4.3,64.6,211576,101.5803152,8.325,5.79,9345.2,324.3,930.7,856,101.339,7.933333333,1.566666667,604.0,1.96,67.13333333,102.1172222
421143,1389,19287.331,1391,1390,130,341,3.9,62.3,220768,98.58851127,5.484,1.3,10261.2,465.7,1005.7,1078,131.734,9.7,1.766666667,660.0,1.796666667,68.13333333,132.8414444
247520,413,8562.437,435,453,50,167,6.6,58.2,239489,99.50871763,4.51,0.1,12087.9,795.7,1076.6,301,139.862,9.6,2.433333333,796.6666667,10.52333333,66.16666667,139.4656667
255941,483,6156.314,497,567,51,235,7.6,58.6,236743,98.34801889,4.875,0.11,11571.0,619.7,1017.4,375,148.134,10.66666667,2.666666667,782.3333333,10.76,67.16666667,147.4121111
251877,428,8373.404,422,479,50,164,6.6,58.3,239871,99.55835166,4.27,0.17,12120.6,819.2,1085.2,299,139.308,9.666666667,2.366666667,800.3333333,10.42666667,66.2,138.5772222
480974,916,16357.988,957,1241,94,538,9.2,62.7,232211,101.7465691,6.572,5.3,11506.2,322.6,1192.4,699,178.117,9.733333333,2.733333333,743.6666667,2.84,68.06666667,177.2983333
523666,1058,18152.04,1197,1276,98,542,7.4,63.0,231253,101.4157611,6.18,5.3,11490.1,397.2,1181.2,887,183.01,9.5,2.6,735.0,2.29,68.2,181.6213333
340396,529,8606.766,537,820,75,398,10.9,61.9,234360,100.3361325,6.0375,1.94,11531.5,472.7,1073.2,433,160.308,10.03333333,2.866666667,763.6666667,6.146666667,67.63333333,158.0035556
650388,1496,23189.992,1511,1737,126,558,6.3,63.0,228199,101.1745798,6.5075,5.0,11190.3,382.1,1151.0,1123,184.329,9.6,2.2,705.0,1.62,68.7,183.9973333
446990,736,11963.866,776,645,75,232,6.5,59.4,251747,100.138266,3.9425,0.07,13417.7,1010.7,1323.0,504,175.739,7.0,1.833333333,874.0,5.0,63.7,176.3606667
591580,1580,24918.6,1583,1524,126,441,4.1,62.4,225236,100.4896599,5.928,2.39,10717.4,285.7,1120.2,1328,165.812,9.9,1.8,690.6666667,1.506666667,68.76666667,167.3917778
504630,786,13629.972,825,779,87,252,6.3,59.7,254540,99.74909488,3.77,0.41,13657.8,996.5,1344.7,571,184.765,6.933333333,1.766666667,900.0,4.06,63.66666667,185.6222222
267938,377,4738.96,358,535,54,324,10.5,60.3,234913,98.14936818,5.13,0.23,11598.7,605.9,1006.2,372,150.014,10.26666667,2.633333333,771.3333333,8.196666667,67.33333333,149.3436667
725025,1233,22196.074,1315,958,104,299,3.8,57.4,261230,98.09517357,2.684,0.09,15536.5,2402.8,1797.2,873,236.433,6.7,0.933333333,1036.333333,2.7,65.67416769,239.2551111
360534,1240,16953.682,1285,1224,240,293,4.0,63.8,214732,100.1190918,7.145,4.61,9680.9,347.4,916.0,885,112.163,8.333333333,1.833333333,628.0,2.333333333,67.83333333,112.8543333
382053,655,12729.21,664,642,66,213,5.8,59.1,248446,100.4026963,4.1625,0.07,12938.8,967.0,1259.8,470,165.907,7.133333333,1.866666667,844.3333333,6.686666667,64.13333333,166.6403333
566284,1613,18609.691,1714,1655,133,431,4.1,62.4,224640,100.2907062,5.752,2.04,11072.9,623.8,1122.6,1242,159.33,10.06666667,1.8,694.6666667,1.416666667,69.13333333,161.4994444
431878,795,10465.966,833,1128,93,508,9.4,62.9,232939,101.8618211,6.208,4.59,11512.3,296.5,1197.7,641,175.147,9.766666667,2.833333333,746.3333333,3.293333333,67.8,174.1056667
495976,978,16978.868,1042,1208,96,538,8.3,62.9,231958,101.6679912,6.695,5.31,11500.4,356.7,1180.7,778,179.111,9.8,2.7,745.0,2.71,68.2,178.262
